fps,Unnamed: 1,Unnamed: 2
2.029,,0.0
2.371,,0.0
1.923,,0.0
2.155,,0.0
1.693,,0.0
2.193,,0.0
2.083,,0.0
2.13,,0.0
2.276,,0.0
2.14,,0.0
2.189,,0.0
2.191,,0.0
2.851,,0.0
2.847,,0.0
2.397,,0.0
2.484,,0.0
2.066,,
1.987,,
2.141,,
1.943,,
2.265,,
2.085,,
2.236,,
1.6,,
1.857,,
2.125,,
2.257,,
2.301,,
2.472,,
2.08,,
2.371,,
2.099,,
1.868,,
2.202,,
2.443,,
2.385,,
2.297,,
2.898,,
2.403,,
2.86,,
1.976,,
2.04,,
2.1,,
2.307,,
2.107,,
2.499,,
2.379,,
1.968,,
2.311,,
2.242,,
2.0,,
2.35,,
2.417,,
2.092,,
2.026,,
1.769,,
2.199,,
2.268,,
2.091,,
1.899,,
2.128,,
2.221,,
2.029,,
2.117,,
1.997,,
2.822,,
2.341,,
1.983,,
2.345,,
2.216,,
2.029,,
1.959,,
2.395,,
2.205,,
2.461,,
1.806,,
2.478,,
2.294,,
2.309,,
2.345,,
1.835,,
2.407,,
1.899,,
2.193,,
2.116,,
2.425,,
2.37,,
1.957,,
2.217,,
1.794,,
2.231,,
2.162,,
2.33,,
2.487,,
2.232,,
2.425,,
2.419,,
2.159,,
2.051,,
2.025,,
2.111,,
2.38,,
2.49,,
2.381,,
2.163,,
2.211,,
2.094,,
2.333,,
2.383,,
2.439,,
2.247,,
2.414,,
2.24,,
2.336,,
2.363,,
2.371,,
1.947,,
1.831,,
2.045,,
2.342,,
2.438,,
2.167,,
2.264,,
2.305,,
2.252,,
2.334,,
2.476,,
2.466,,
2.075,,
2.026,,
2.32,,
2.231,,
2.038,,
2.281,,
2.115,,
2.318,,
2.401,,
2.377,,
2.147,,
2.202,,
2.335,,
2.323,,
2.21,,
2.163,,
1.661,,
2.163,,
2.055,,
2.211,,
2.398,,
2.344,,
2.293,,
2.35,,
2.268,,
2.349,,
2.233,,
2.272,,
2.215,,
2.246,,
2.476,,
2.15,,
2.85,,
2.472,,
2.298,,
2.248,,
2.278,,
2.071,,
2.276,,
2.37,,
2.445,,
2.445,,
2.231,,
1.946,,
2.133,,
2.392,,
2.11,,
2.301,,
1.986,,
2.162,,
2.239,,
2.21,,
1.945,,
2.084,,
1.956,,
1.991,,
2.331,,
1.9,,
2.488,,
2.238,,
2.317,,
2.381,,
2.191,,
2.251,,
2.449,,
2.25,,
2.373,,
2.37,,
2.362,,
2.056,,
2.409,,
2.22,,
2.458,,
1.762,,
1.934,,
2.391,,
2.129,,
1.877,,
2.486,,
2.28,,
2.448,,
2.329,,
2.307,,
2.298,,
2.26,,
2.27,,
2.154,,
2.212,,
2.459,,
2.371,,
2.405,,
1.997,,
1.968,,
2.148,,
1.97,,
2.133,,
1.945,,
2.083,,
2.133,,
1.987,,
2.004,,
1.92,,
2.185,,
2.211,,
2.129,,
1.887,,
1.968,,
2.37,,
2.031,,
2.467,,
2.081,,
1.819,,
2.474,,
2.404,,
2.34,,
2.491,,
2.093,,
2.135,,
2.453,,
2.264,,
2.124,,
2.488,,
2.386,,
2.268,,
2.47,,
2.049,,
2.46,,
2.267,,
2.238,,
2.133,,
2.297,,
2.472,,
2.096,,
1.963,,
2.206,,
1.955,,
2.431,,
2.193,,
1.861,,
2.213,,
2.252,,
2.412,,
2.264,,
2.17,,
2.284,,
2.274,,
2.229,,
2.336,,
2.435,,
1.908,,
2.172,,
2.188,,
2.211,,
1.826,,
2.322,,
2.292,,
2.345,,
2.04,,
2.219,,
2.253,,
2.075,,
2.067,,
1.994,,
2.202,,
2.061,,
2.814,,
1.828,,
2.018,,
2.2,,
2.468,,
2.197,,
2.469,,
2.053,,
2.315,,
2.058,,
2.405,,
2.352,,
1.737,,
2.153,,
2.334,,
1.997,,
2.473,,
2.18,,
2.39,,
2.394,,
2.02,,
2.497,,
2.048,,
1.974,,
2.079,,
2.213,,
2.327,,
2.107,,
2.486,,
2.363,,
2.126,,
2.275,,
2.246,,
1.857,,
2.198,,
2.227,,
2.361,,
2.258,,
2.361,,
2.168,,
2.177,,
1.973,,
2.298,,
1.862,,
2.134,,
2.309,,
2.396,,
2.381,,
2.244,,
2.42,,
1.873,,
2.482,,
2.275,,
2.168,,
1.689,,
1.955,,
2.128,,
2.029,,
2.186,,
2.114,,
2.331,,
2.153,,
2.339,,
2.013,,
2.347,,
2.03,,
2.34,,
1.89,,
2.378,,
2.162,,
2.2,,
2.328,,
2.336,,
1.986,,
2.365,,
2.316,,
2.332,,
1.984,,
1.949,,
2.141,,
2.218,,
2.326,,
2.341,,
2.315,,
2.29,,
1.832,,
2.15,,
2.257,,
2.396,,
2.453,,
2.468,,
2.305,,
2.155,,
2.135,,
2.488,,
1.69,,
1.973,,
2.059,,
2.238,,
1.642,,
2.45,,
2.863,,
2.157,,
1.924,,
2.242,,
2.094,,
2.236,,
2.037,,
2.442,,
2.428,,
2.293,,
2.378,,
2.264,,
2.488,,
2.317,,
2.234,,
2.052,,
2.166,,
1.875,,
2.24,,
2.404,,
2.267,,
2.199,,
2.028,,
2.442,,
2.337,,
2.437,,
2.376,,
2.361,,
1.769,,
2.118,,
2.152,,
2.213,,
2.188,,
2.403,,
2.45,,
2.017,,
2.472,,
2.446,,
2.416,,
1.946,,
2.41,,
2.321,,
2.328,,
2.3,,
2.458,,
2.021,,
1.937,,
2.182,,
2.217,,
1.603,,
1.903,,
2.269,,
2.522,,
2.283,,
2.276,,
2.27,,
1.859,,
2.59,,
2.129,,
2.572,,
2.282,,
2.567,,
2.386,,
2.273,,
2.357,,
1.932,,
2.302,,
2.729,,
2.627,,
2.054,,
2.426,,
2.362,,
2.504,,
2.324,,
2.242,,
2.633,,
2.354,,
2.614,,
2.544,,
2.219,,
2.258,,
2.782,,
2.348,,
2.11,,
2.0,,
2.544,,
2.34,,
2.102,,
2.469,,
2.34,,
1.885,,
2.447,,
2.633,,
2.309,,
2.358,,
2.702,,
2.342,,
2.369,,
2.142,,
1.951,,
2.528,,
1.982,,
2.585,,
2.103,,
2.366,,
2.207,,
2.594,,
2.375,,
2.79,,
2.029,,
2.403,,
2.312,,
2.37,,
2.699,,
2.446,,
2.013,,
2.433,,
2.196,,
2.182,,
2.561,,
2.149,,
2.205,,
2.308,,
2.537,,
2.445,,
2.241,,
2.232,,
2.01,,
2.11,,
2.136,,
2.263,,
2.797,,
2.131,,
2.226,,
1.787,,
2.45,,
1.906,,
2.073,,
2.561,,
1.774,,
2.324,,
2.5,,
2.681,,
2.07,,
2.144,,
2.751,,
2.294,,
2.116,,
2.121,,
2.057,,
2.19,,
2.572,,
2.522,,
2.006,,
2.354,,
2.199,,
2.496,,
2.261,,
2.393,,
2.26,,
1.753,,
2.312,,
1.982,,
2.487,,
2.13,,
2.149,,
2.298,,
2.444,,
2.258,,
2.711,,
2.712,,
2.729,,
2.241,,
1.93,,
2.605,,
2.196,,
2.31,,
2.457,,
1.899,,
2.707,,
2.519,,
2.388,,
2.523,,
2.439,,
2.329,,
2.223,,
2.115,,
2.372,,
2.39,,
2.571,,
2.35,,
2.087,,
1.906,,
2.268,,
2.293,,
2.275,,
1.917,,
2.569,,
2.568,,
2.094,,
2.501,,
2.538,,
2.31,,
2.063,,
2.703,,
2.395,,
2.237,,
2.493,,
2.706,,
2.176,,
2.473,,
2.786,,
2.021,,
2.163,,
2.151,,
2.26,,
2.248,,
2.375,,
2.095,,
2.144,,
2.375,,
2.339,,
2.519,,
2.402,,
2.493,,
2.014,,
2.204,,
2.762,,
2.398,,
2.487,,
2.368,,
2.406,,
2.242,,
2.201,,
2.29,,
1.694,,
2.577,,
2.162,,
2.285,,
2.168,,
2.265,,
2.229,,
2.289,,
2.287,,
2.261,,
2.258,,
2.627,,
2.52,,
2.522,,
2.117,,
2.614,,
2.583,,
2.162,,
2.681,,
2.129,,
1.839,,
2.575,,
2.27,,
2.544,,
2.111,,
1.985,,
2.608,,
1.948,,
1.91,,
1.819,,
1.601,,
2.04,,
1.758,,
2.291,,
1.741,,
2.026,,
2.883,,
2.386,,
2.313,,
1.895,,
2.239,,
2.312,,
1.899,,
2.332,,
2.598,,
2.213,,
2.251,,
1.789,,
1.95,,
2.564,,
2.135,,
2.068,,
2.127,,
2.286,,
2.01,,
2.332,,
1.96,,
2.494,,
2.036,,
2.63,,
2.297,,
2.089,,
2.528,,
1.956,,
2.163,,
2.3,,
2.27,,
1.798,,
2.07,,
2.342,,
1.97,,
2.617,,
2.424,,
2.171,,
2.245,,
2.765,,
2.534,,
2.395,,
1.946,,
2.707,,
2.563,,
2.263,,
2.163,,
2.253,,
2.0,,
2.182,,
2.491,,
1.848,,
2.221,,
2.328,,
2.326,,
2.005,,
2.004,,
2.572,,
1.994,,
2.552,,
2.179,,
2.57,,
2.195,,
2.008,,
2.514,,
2.296,,
2.662,,
2.523,,
2.243,,
2.188,,
2.306,,
2.348,,
2.08,,
2.51,,
2.201,,
2.194,,
2.165,,
2.358,,
2.127,,
2.334,,
2.287,,
2.191,,
1.883,,
2.313,,
2.023,,
2.206,,
2.338,,
1.867,,
2.339,,
2.376,,
1.976,,
2.202,,
1.842,,
2.694,,
2.383,,
2.255,,
2.259,,
2.583,,
2.276,,
2.383,,
2.68,,
2.213,,
2.027,,
2.094,,
2.657,,
2.323,,
2.174,,
2.543,,
2.549,,
2.181,,
2.057,,
1.907,,
1.852,,
2.234,,
2.077,,
2.765,,
2.315,,
1.814,,
2.655,,
2.34,,
2.476,,
2.471,,
2.374,,
2.431,,
2.36,,
2.023,,
2.392,,
2.556,,
2.247,,
2.438,,
2.405,,
2.754,,
2.237,,
2.227,,
2.271,,
2.274,,
1.732,,
2.139,,
2.375,,
2.298,,
2.1,,
2.134,,
2.211,,
2.1,,
2.172,,
2.165,,
2.524,,
2.554,,
2.533,,
2.407,,
2.123,,
2.54,,
2.221,,
2.306,,
2.635,,
2.321,,
2.362,,
1.947,,
2.422,,
2.055,,
2.553,,
2.254,,
1.741,,
2.21,,
2.243,,
2.421,,
2.468,,
2.218,,
2.553,,
1.508,,
2.122,,
2.022,,
1.986,,
2.54,,
2.507,,
2.106,,
2.595,,
2.325,,
2.195,,
2.127,,
2.105,,
2.418,,
2.463,,
2.36,,
1.787,,
2.374,,
2.441,,
2.133,,
2.311,,
1.834,,
1.993,,
2.219,,
2.223,,
2.388,,
2.003,,
2.215,,
2.178,,
2.432,,
2.655,,
2.73,,
1.908,,
2.288,,
2.022,,
2.284,,
2.406,,
2.32,,
2.288,,
2.671,,
2.48,,
2.232,,
2.306,,
2.518,,
2.452,,
2.194,,
1.856,,
2.004,,
2.336,,
1.853,,
2.262,,
2.187,,
2.55,,
1.97,,
1.817,,
2.195,,
2.459,,
2.567,,
2.073,,
2.418,,
2.022,,
2.113,,
2.442,,
2.48,,
2.05,,
2.419,,
1.833,,
2.249,,
2.016,,
2.098,,
1.981,,
2.438,,
2.438,,
2.127,,
2.394,,
2.365,,
2.268,,
2.84,,
2.09,,
2.304,,
2.204,,
2.207,,
2.34,,
2.226,,
2.085,,
2.331,,
2.596,,
2.536,,
2.351,,
2.116,,
2.347,,
2.571,,
2.598,,
2.39,,
2.209,,
2.249,,
2.493,,
2.472,,
1.861,,
2.465,,
2.478,,
2.078,,
2.109,,
2.111,,
2.13,,
1.946,,
2.378,,
2.104,,
2.282,,
2.176,,
2.364,,
2.047,,
2.361,,
2.397,,
2.507,,
2.792,,
1.777,,
2.38,,
2.123,,
1.819,,
2.51,,
2.633,,
2.202,,
2.353,,
2.284,,
2.409,,
2.52,,
2.386,,
2.386,,
2.615,,
2.259,,
2.531,,
2.094,,
2.702,,
2.484,,
2.199,,
1.771,,
2.3,,
2.005,,
2.375,,
2.663,,
2.34,,
2.255,,
2.386,,
2.371,,
1.709,,
2.36,,
2.455,,
2.235,,
2.545,,
2.268,,
2.492,,
2.868,,
2.276,,
1.814,,
2.216,,
1.869,,
2.453,,
2.627,,
2.474,,
2.38,,
2.139,,
2.694,,
2.488,,
2.371,,
2.351,,
2.328,,
2.413,,
2.147,,
2.681,,
2.338,,
2.45,,
2.192,,
2.394,,
1.73,,
2.02,,
2.292,,
1.969,,
1.883,,
2.386,,
2.714,,
2.42,,
2.222,,
2.162,,
2.468,,
2.1,,
2.27,,
2.473,,
2.223,,
2.322,,
2.224,,
2.058,,
2.597,,
2.648,,
2.221,,
2.234,,
2.256,,
2.435,,
2.074,,
2.278,,
2.366,,
2.461,,
1.605,,
2.401,,
2.386,,
2.552,,
2.168,,
2.17,,
2.601,,
1.909,,
2.707,,
2.419,,
2.504,,
1.928,,
2.126,,
2.564,,
2.39,,
2.255,,
2.358,,
2.427,,
2.227,,
2.293,,
2.291,,
2.037,,
2.381,,
2.751,,
2.733,,
1.931,,
2.443,,
2.469,,
2.197,,
2.059,,
1.97,,
2.189,,
2.388,,
2.26,,
2.147,,
1.988,,
2.388,,
2.567,,
2.068,,
2.412,,
1.83,,
2.136,,
2.482,,
2.021,,
2.149,,
2.654,,
2.117,,
2.087,,
2.444,,
2.789,,
2.24,,
2.492,,
2.636,,
2.381,,
2.233,,
2.081,,
1.944,,
2.578,,
2.345,,
2.633,,
2.547,,
2.146,,
2.003,,
2.403,,
2.142,,
2.394,,
2.117,,
2.085,,
2.265,,
2.534,,
2.377,,
2.595,,
1.992,,
2.036,,
2.278,,
2.841,,
2.469,,
2.033,,
2.281,,
2.355,,
2.158,,
2.453,,
2.261,,
2.225,,
2.615,,
1.873,,
2.06,,
2.096,,
2.088,,
2.118,,
2.422,,
2.574,,
2.529,,
2.045,,
2.273,,
2.413,,
2.36,,
2.626,,
2.131,,
2.339,,
2.202,,
2.363,,
2.03,,
2.068,,
2.117,,
2.159,,
2.687,,
2.594,,
2.247,,
2.343,,
1.901,,
2.255,,
2.34,,
2.586,,
2.382,,
2.408,,
2.374,,
2.367,,
1.951,,
2.196,,
2.659,,
2.506,,
2.424,,
2.317,,
2.465,,
2.064,,
1.905,,
2.204,,
2.434,,
2.327,,
2.553,,
2.388,,
2.311,,
2.632,,
2.583,,
2.275,,
2.024,,
2.073,,
2.26,,
2.208,,
2.714,,
1.88,,
2.284,,
2.033,,
2.329,,
2.396,,
2.199,,
2.433,,
2.25,,
2.255,,
2.196,,
2.463,,
2.335,,
2.693,,
2.618,,
2.438,,
1.76,,
1.929,,
2.547,,
2.181,,
2.359,,
2.142,,
2.429,,
2.539,,
1.998,,
2.097,,
1.884,,
2.358,,
1.884,,
2.208,,
2.43,,
2.815,,
2.392,,
2.613,,
2.365,,
2.377,,
2.247,,
2.204,,
2.594,,
2.394,,
2.384,,
2.148,,
2.214,,
2.817,,
2.283,,
2.632,,
2.17,,
2.5,,
2.372,,
2.199,,
2.462,,
1.914,,
2.444,,
2.497,,
2.368,,
2.628,,
2.283,,
2.263,,
2.389,,
2.517,,
2.442,,
2.243,,
2.051,,
2.466,,
2.103,,
2.095,,
2.136,,
2.314,,
2.101,,
2.016,,
2.135,,
2.254,,
2.414,,
2.317,,
2.03,,
2.357,,
2.381,,
2.186,,
2.101,,
2.101,,
2.167,,
2.854,,
2.078,,
2.366,,
2.121,,
2.174,,
2.123,,
2.5,,
2.395,,
2.268,,
2.426,,
2.486,,
2.087,,
2.437,,
2.121,,
2.509,,
2.485,,
2.401,,
2.248,,
2.168,,
2.234,,
2.492,,
2.129,,
2.312,,
1.863,,
2.365,,
2.041,,
1.97,,
2.43,,
2.353,,
2.189,,
2.224,,
2.868,,
2.251,,
2.25,,
2.463,,
2.322,,
2.547,,
2.369,,
2.49,,
2.411,,
2.461,,
2.289,,
2.356,,
2.232,,
2.451,,
1.963,,
2.482,,
2.55,,
2.485,,
2.274,,
2.426,,
2.106,,
2.509,,
2.025,,
2.448,,
2.433,,
2.402,,
2.188,,
2.49,,
1.841,,
2.494,,
2.348,,
2.563,,
2.35,,
2.76,,
2.065,,
2.452,,
2.078,,
2.268,,
2.486,,
2.456,,
2.82,,
2.212,,
2.622,,
2.236,,
2.125,,
1.894,,
2.341,,
2.17,,
2.512,,
2.168,,
2.181,,
2.389,,
2.73,,
2.028,,
2.554,,
2.519,,
2.245,,
2.469,,
2.229,,
2.893,,
2.272,,
2.32,,
2.219,,
1.877,,
2.234,,
2.358,,
2.675,,
2.423,,
2.253,,
2.315,,
2.382,,
2.205,,
2.471,,
2.706,,
2.209,,
2.602,,
2.519,,
2.434,,
2.328,,
2.384,,
2.246,,
2.759,,
2.12,,
2.584,,
2.687,,
2.219,,
2.591,,
2.336,,
2.316,,
2.281,,
1.897,,
2.437,,
2.661,,
2.124,,
2.512,,
2.279,,
2.027,,
2.549,,
2.722,,
2.101,,
2.354,,
1.94,,
2.289,,
2.422,,
2.738,,
2.689,,
2.711,,
2.168,,
2.239,,
1.884,,
2.121,,
1.937,,
2.391,,
2.126,,
2.025,,
2.211,,
2.004,,
2.377,,
2.371,,
2.221,,
2.117,,
1.965,,
2.439,,
2.357,,
2.416,,
2.223,,
2.246,,
2.66,,
2.15,,
2.222,,
2.486,,
2.376,,
1.788,,
1.878,,
2.135,,
2.528,,
2.468,,
2.43,,
2.457,,
2.058,,
2.45,,
2.07,,
2.537,,
2.172,,
2.37,,
1.831,,
1.963,,
2.573,,
2.473,,
1.996,,
2.621,,
2.027,,
2.305,,
2.18,,
2.069,,
2.592,,
2.721,,
2.345,,
2.681,,
2.23,,
2.327,,
2.333,,
2.011,,
2.425,,
2.477,,
2.257,,
1.877,,
2.392,,
1.921,,
2.097,,
2.333,,
2.108,,
2.363,,
2.243,,
1.892,,
2.342,,
2.447,,
2.553,,
2.208,,
2.285,,
1.926,,
2.791,,
2.676,,
2.292,,
2.269,,
1.567,,
2.559,,
2.441,,
2.503,,
2.199,,
2.183,,
1.991,,
2.495,,
2.613,,
2.581,,
2.347,,
2.218,,
2.037,,
2.125,,
2.417,,
2.229,,
2.71,,
2.588,,
2.15,,
1.996,,
2.163,,
2.566,,
2.169,,
2.436,,
2.159,,
2.386,,
2.432,,
2.546,,
2.658,,
2.628,,
2.167,,
2.263,,
2.007,,
2.241,,
2.306,,
2.199,,
2.174,,
2.558,,
2.527,,
2.4,,
1.981,,
2.35,,
2.204,,
2.629,,
1.849,,
2.16,,
2.153,,
2.183,,
2.539,,
1.712,,
2.248,,
2.513,,
2.545,,
2.163,,
2.13,,
2.387,,
2.338,,
2.317,,
2.018,,
2.084,,
2.461,,
1.94,,
2.038,,
2.261,,
1.978,,
2.461,,
2.202,,
2.758,,
2.143,,
2.156,,
2.501,,
2.136,,
2.678,,
2.421,,
2.224,,
2.26,,
2.422,,
2.338,,
2.267,,
2.559,,
1.92,,
2.255,,
1.592,,
2.167,,
2.512,,
2.646,,
2.451,,
2.46,,
1.871,,
2.13,,
2.669,,
2.169,,
2.266,,
2.099,,
2.067,,
2.182,,
2.135,,
2.539,,
2.354,,
2.555,,
1.953,,
2.606,,
2.305,,
2.76,,
2.287,,
1.927,,
2.621,,
2.266,,
1.762,,
2.336,,
2.358,,
2.569,,
2.587,,
2.181,,
2.782,,
1.87,,
2.436,,
2.403,,
2.194,,
2.107,,
2.207,,
2.213,,
1.987,,
2.548,,
2.027,,
2.556,,
1.853,,
2.256,,
2.259,,
2.296,,
2.539,,
2.249,,
2.186,,
2.25,,
2.545,,
1.999,,
2.045,,
1.811,,
2.807,,
2.01,,
1.829,,
2.098,,
2.147,,
2.666,,
2.184,,
2.373,,
1.852,,
2.352,,
1.888,,
2.222,,
2.11,,
2.315,,
2.459,,
1.966,,
2.016,,
2.348,,
2.472,,
2.654,,
2.182,,
1.927,,
2.347,,
2.101,,
2.069,,
2.652,,
2.455,,
2.118,,
2.295,,
2.279,,
2.341,,
2.199,,
1.825,,
2.056,,
2.167,,
2.307,,
2.029,,
2.347,,
2.205,,
2.11,,
1.982,,
2.412,,
2.406,,
2.5,,
2.437,,
2.456,,
2.396,,
1.86,,
2.23,,
1.942,,
2.642,,
2.296,,
2.617,,
2.042,,
2.277,,
2.366,,
2.217,,
2.347,,
2.671,,
2.042,,
1.641,,
2.7,,
2.102,,
2.581,,
2.463,,
2.246,,
2.395,,
2.015,,
2.321,,
2.449,,
2.106,,
2.205,,
2.378,,
2.631,,
2.299,,
2.192,,
2.263,,
2.59,,
2.14,,
2.225,,
2.142,,
2.249,,
2.353,,
2.558,,
1.769,,
2.439,,
2.077,,
2.448,,
2.61,,
2.549,,
2.339,,
2.509,,
2.064,,
2.283,,
2.68,,
2.103,,
2.349,,
2.208,,
2.251,,
2.402,,
2.233,,
2.299,,
2.174,,
1.844,,
2.348,,
2.41,,
2.646,,
2.267,,
1.951,,
2.111,,
2.435,,
2.279,,
2.37,,
2.212,,
2.767,,
2.732,,
2.067,,
2.527,,
2.376,,
2.303,,
2.085,,
2.705,,
2.591,,
1.936,,
2.646,,
2.29,,
2.151,,
2.056,,
2.536,,
2.4,,
2.081,,
2.097,,
2.203,,
2.172,,
2.432,,
2.395,,
2.141,,
1.886,,
1.967,,
2.518,,
2.051,,
2.328,,
1.859,,
2.399,,
2.78,,
1.968,,
2.437,,
2.368,,
2.529,,
2.267,,
2.368,,
2.345,,
2.443,,
2.09,,
2.348,,
2.503,,
2.592,,
2.424,,
2.017,,
1.912,,
2.402,,
2.047,,
2.511,,
2.228,,
2.553,,
2.831,,
2.284,,
2.271,,
2.553,,
2.566,,
2.725,,
2.349,,
2.142,,
2.302,,
2.144,,
2.36,,
2.083,,
2.526,,
2.474,,
2.335,,
2.306,,
2.251,,
2.628,,
2.597,,
2.336,,
2.086,,
2.006,,
2.372,,
2.14,,
2.419,,
2.203,,
2.493,,
2.352,,
2.55,,
1.742,,
2.243,,
2.854,,
1.674,,
2.511,,
2.405,,
2.621,,
2.257,,
2.598,,
2.604,,
2.349,,
2.009,,
2.528,,
2.057,,
2.266,,
2.537,,
2.573,,
2.213,,
2.457,,
1.914,,
2.182,,
2.667,,
2.636,,
2.467,,
2.265,,
2.512,,
2.294,,
2.342,,
2.322,,
2.106,,
2.481,,
2.033,,
2.494,,
2.06,,
2.119,,
1.59,,
2.261,,
2.347,,
2.507,,
2.628,,
1.927,,
2.546,,
2.184,,
2.282,,
2.274,,
2.188,,
2.078,,
2.37,,
2.503,,
1.985,,
2.295,,
2.143,,
2.574,,
2.423,,
2.677,,
1.913,,
2.559,,
2.341,,
2.119,,
2.422,,
2.692,,
2.701,,
2.506,,
2.052,,
2.377,,
2.386,,
2.611,,
2.259,,
2.304,,
2.137,,
2.467,,
2.246,,
2.346,,
2.183,,
2.312,,
2.03,,
2.34,,
2.149,,
2.475,,
2.762,,
2.511,,
2.02,,
2.21,,
1.898,,
2.303,,
1.856,,
2.0,,
2.574,,
2.515,,
1.92,,
2.188,,
2.416,,
2.398,,
1.893,,
2.365,,
2.148,,
1.629,,
1.63,,
1.544,,
1.706,,
1.614,,
1.509,,
1.567,,
1.671,,
1.673,,
1.792,,
1.719,,
1.782,,
1.556,,
1.673,,
1.741,,
1.55,,
1.737,,
1.71,,
1.734,,
1.78,,
1.737,,
1.769,,
1.745,,
1.59,,
1.546,,
1.674,,
1.543,,
1.64,,
1.648,,
1.713,,
1.676,,
1.774,,
1.724,,
1.789,,
1.741,,
1.591,,
1.583,,
1.677,,
1.78,,
1.709,,
1.6,,
1.71,,
1.664,,
1.608,,
1.777,,
1.527,,
1.657,,
1.584,,
1.653,,
1.693,,
1.78,,
1.558,,
1.773,,
1.6,,
1.694,,
1.595,,
1.558,,
1.613,,
1.671,,
1.795,,
1.643,,
1.662,,
1.686,,
1.76,,
1.734,,
1.7,,
1.781,,
1.611,,
1.716,,
1.682,,
1.702,,
1.543,,
1.704,,
1.654,,
1.743,,
1.744,,
1.562,,
1.702,,
1.523,,
1.555,,
1.745,,
1.679,,
1.61,,
1.628,,
1.539,,
1.58,,
1.768,,
1.735,,
1.653,,
1.668,,
1.626,,
1.555,,
1.69,,
1.536,,
1.605,,
1.728,,
1.64,,
1.76,,
1.789,,
1.525,,
1.73,,
1.749,,
1.757,,
1.746,,
1.759,,
1.766,,
1.73,,
1.623,,
1.685,,
1.791,,
1.682,,
1.551,,
1.784,,
1.699,,
1.733,,
1.676,,
1.567,,
1.675,,
1.745,,
1.631,,
1.785,,
1.788,,
1.64,,
1.55,,
1.612,,
1.79,,
1.712,,
1.721,,
1.729,,
1.741,,
1.768,,
1.522,,
1.615,,
1.789,,
1.604,,
1.771,,
1.689,,
1.612,,
1.602,,
1.758,,
1.716,,
1.73,,
1.675,,
1.651,,
1.757,,
1.777,,
1.58,,
1.712,,
1.788,,
1.718,,
1.664,,
1.725,,
1.52,,
1.584,,
1.746,,
1.55,,
1.721,,
1.674,,
1.645,,
1.741,,
1.736,,
1.761,,
1.735,,
1.749,,
1.531,,
1.706,,
1.65,,
1.662,,
1.77,,
1.703,,
1.599,,
1.735,,
1.75,,
